timestamp,open,high,low,close,volume
2026-07-30T09:15:00+05:30,24265.6,24292.5,24250.0,24287.5,952
2026-07-30T09:16:00+05:30,24287.5,24287.5,24266.0,24274.9,361
2026-07-30T09:17:00+05:30,24275.0,24298.0,24270.0,24298.0,552
2026-07-30T09:18:00+05:30,24297.7,24312.0,24292.0,24309.0,334
2026-07-30T09:19:00+05:30,24313.0,24315.0,24302.3,24310.0,183
2026-07-30T09:20:00+05:30,24310.0,24320.5,24300.0,24320.0,347
2026-07-30T09:21:00+05:30,24321.0,24322.0,24306.0,24312.5,460
2026-07-30T09:22:00+05:30,24313.0,24315.0,24306.5,24314.0,418
2026-07-30T09:23:00+05:30,24314.0,24325.0,24312.7,24317.0,451
2026-07-30T09:24:00+05:30,24319.9,24325.0,24315.5,24319.6,597
2026-07-30T09:25:00+05:30,24318.5,24321.0,24315.6,24320.0,417
2026-07-30T09:26:00+05:30,24321.0,24324.9,24320.0,24324.9,332
2026-07-30T09:27:00+05:30,24323.0,24324.5,24314.8,24316.5,231
2026-07-30T09:28:00+05:30,24315.5,24320.1,24314.7,24318.0,216
2026-07-30T09:29:00+05:30,24317.5,24320.0,24315.7,24319.0,51
2026-07-30T09:30:00+05:30,24319.0,24325.0,24315.4,24315.5,322
2026-07-30T09:31:00+05:30,24320.0,24327.5,24315.0,24327.0,131
2026-07-30T09:32:00+05:30,24328.0,24335.0,24327.0,24330.0,118
2026-07-30T09:33:00+05:30,24331.0,24334.9,24310.0,24310.7,84
2026-07-30T09:34:00+05:30,24313.5,24324.0,24313.0,24318.0,118
2026-07-30T09:35:00+05:30,24319.0,24325.0,24314.6,24318.0,76
2026-07-30T09:36:00+05:30,24318.0,24321.0,24302.5,24302.5,205
2026-07-30T09:37:00+05:30,24306.0,24308.0,24300.0,24302.0,213
2026-07-30T09:38:00+05:30,24305.0,24311.9,24300.0,24303.0,140
2026-07-30T09:39:00+05:30,24304.5,24311.0,24300.3,24309.6,108
2026-07-30T09:40:00+05:30,24302.3,24311.0,24290.0,24291.7,249
2026-07-30T09:41:00+05:30,24300.0,24300.0,24285.1,24292.5,115
2026-07-30T09:42:00+05:30,24292.5,24303.9,24290.0,24292.0,106
2026-07-30T09:43:00+05:30,24292.5,24299.0,24292.5,24299.0,43
2026-07-30T09:44:00+05:30,24296.1,24305.0,24296.1,24300.6,76
2026-07-30T09:45:00+05:30,24302.0,24309.2,24295.3,24295.3,93
2026-07-30T09:46:00+05:30,24295.3,24322.0,24295.3,24321.5,182
2026-07-30T09:47:00+05:30,24321.6,24333.3,24319.0,24320.1,201
2026-07-30T09:48:00+05:30,24325.0,24331.1,24320.0,24328.0,118
2026-07-30T09:49:00+05:30,24325.0,24326.8,24314.2,24320.0,89
2026-07-30T09:50:00+05:30,24320.0,24332.9,24320.0,24331.6,105
2026-07-30T09:51:00+05:30,24332.1,24334.0,24323.0,24325.6,81
2026-07-30T09:52:00+05:30,24330.0,24331.1,24317.0,24325.0,72
2026-07-30T09:53:00+05:30,24325.7,24326.3,24312.1,24316.0,101
2026-07-30T09:54:00+05:30,24316.0,24319.0,24310.1,24310.1,69
2026-07-30T09:55:00+05:30,24310.1,24315.0,24308.0,24308.1,55
2026-07-30T09:56:00+05:30,24308.1,24320.0,24305.8,24320.0,66
2026-07-30T09:57:00+05:30,24324.8,24329.9,24321.6,24322.6,50
2026-07-30T09:58:00+05:30,24329.3,24329.3,24320.4,24320.6,40
2026-07-30T09:59:00+05:30,24328.0,24329.4,24320.2,24320.3,49
2026-07-30T10:00:00+05:30,24327.0,24330.0,24320.5,24322.1,118
2026-07-30T10:01:00+05:30,24325.0,24325.1,24318.0,24318.1,36
2026-07-30T10:02:00+05:30,24320.0,24328.0,24320.0,24320.6,153
2026-07-30T10:03:00+05:30,24320.7,24323.2,24318.9,24323.0,41
2026-07-30T10:04:00+05:30,24323.0,24325.0,24320.4,24320.4,64
2026-07-30T10:05:00+05:30,24325.0,24327.0,24320.6,24322.0,79
2026-07-30T10:06:00+05:30,24321.9,24329.0,24319.0,24323.3,79
2026-07-30T10:07:00+05:30,24325.0,24328.0,24317.0,24323.0,43
2026-07-30T10:08:00+05:30,24328.0,24328.0,24316.0,24316.0,25
2026-07-30T10:09:00+05:30,24316.0,24318.0,24314.0,24314.0,29
2026-07-30T10:10:00+05:30,24312.2,24314.5,24312.2,24314.1,21
2026-07-30T10:11:00+05:30,24314.1,24314.1,24312.0,24312.0,27
2026-07-30T10:12:00+05:30,24311.0,24312.0,24299.0,24299.0,117
2026-07-30T10:13:00+05:30,24296.2,24302.5,24290.0,24302.0,99
2026-07-30T10:14:00+05:30,24290.1,24301.5,24290.1,24290.8,72
2026-07-30T10:15:00+05:30,24291.0,24300.0,24290.0,24300.0,58
2026-07-30T10:16:00+05:30,24300.0,24306.3,24295.3,24306.3,36
2026-07-30T10:17:00+05:30,24305.6,24312.0,24303.0,24312.0,34
2026-07-30T10:18:00+05:30,24307.0,24307.8,24300.0,24305.5,32
2026-07-30T10:19:00+05:30,24300.0,24300.7,24295.0,24295.0,48
2026-07-30T10:20:00+05:30,24295.0,24300.7,24290.0,24290.0,61
2026-07-30T10:21:00+05:30,24290.1,24293.5,24285.0,24289.9,139
2026-07-30T10:22:00+05:30,24284.8,24295.0,24284.8,24292.0,39
2026-07-30T10:23:00+05:30,24292.0,24299.0,24285.0,24299.0,29
2026-07-30T10:24:00+05:30,24291.8,24297.0,24291.1,24296.9,14
2026-07-30T10:25:00+05:30,24295.1,24296.9,24285.0,24285.1,52
2026-07-30T10:26:00+05:30,24285.1,24290.0,24282.0,24282.0,106
2026-07-30T10:27:00+05:30,24282.0,24290.0,24280.1,24282.0,181
2026-07-30T10:28:00+05:30,24281.9,24282.0,24276.9,24278.0,162
2026-07-30T10:29:00+05:30,24278.2,24278.2,24274.1,24274.1,103
2026-07-30T10:30:00+05:30,24274.1,24274.1,24268.9,24274.0,151
2026-07-30T10:31:00+05:30,24275.0,24277.5,24272.0,24276.3,121
2026-07-30T10:32:00+05:30,24276.3,24276.9,24270.0,24270.0,108
2026-07-30T10:33:00+05:30,24270.0,24274.0,24268.0,24268.2,108
2026-07-30T10:34:00+05:30,24270.0,24280.0,24268.0,24278.0,99
2026-07-30T10:35:00+05:30,24280.0,24288.2,24279.0,24288.1,85
2026-07-30T10:36:00+05:30,24288.6,24294.0,24286.1,24287.8,99
2026-07-30T10:37:00+05:30,24287.8,24289.0,24275.1,24285.8,82
2026-07-30T10:38:00+05:30,24281.2,24292.0,24277.0,24284.0,36
2026-07-30T10:39:00+05:30,24283.3,24287.6,24281.6,24281.6,72
2026-07-30T10:40:00+05:30,24280.0,24281.6,24278.0,24281.1,130
2026-07-30T10:41:00+05:30,24279.2,24281.6,24276.9,24277.9,50
2026-07-30T10:42:00+05:30,24280.1,24289.1,24276.9,24289.1,244
2026-07-30T10:43:00+05:30,24285.1,24295.0,24285.1,24295.0,181
2026-07-30T10:44:00+05:30,24295.0,24305.0,24292.1,24304.1,181
2026-07-30T10:45:00+05:30,24305.0,24310.0,24300.0,24304.2,142
2026-07-30T10:46:00+05:30,24304.2,24307.0,24295.6,24301.2,99
2026-07-30T10:47:00+05:30,24304.8,24309.9,24301.2,24301.2,41
2026-07-30T10:48:00+05:30,24310.0,24310.0,24302.0,24303.0,53
2026-07-30T10:49:00+05:30,24304.0,24307.0,24302.0,24304.1,75
2026-07-30T10:50:00+05:30,24304.7,24319.4,24304.0,24318.3,100
2026-07-30T10:51:00+05:30,24319.5,24320.0,24312.6,24314.6,37
2026-07-30T10:52:00+05:30,24318.0,24320.0,24312.6,24312.6,37
2026-07-30T10:53:00+05:30,24316.8,24316.8,24307.6,24311.5,17
2026-07-30T10:54:00+05:30,24310.0,24310.0,24305.1,24305.1,11
2026-07-30T10:55:00+05:30,24304.6,24310.2,24302.6,24310.0,95
2026-07-30T10:56:00+05:30,24302.1,24307.9,24302.0,24307.6,18
2026-07-30T10:57:00+05:30,24303.0,24305.0,24302.0,24305.0,9
2026-07-30T10:58:00+05:30,24304.0,24310.0,24302.0,24308.8,54
2026-07-30T10:59:00+05:30,24303.7,24306.0,24298.6,24304.7,23
2026-07-30T11:00:00+05:30,24299.1,24303.1,24295.0,24295.0,18
2026-07-30T11:01:00+05:30,24300.0,24304.7,24295.1,24303.6,16
2026-07-30T11:02:00+05:30,24303.9,24306.1,24301.1,24306.1,16
2026-07-30T11:03:00+05:30,24298.1,24302.0,24298.0,24302.0,16
2026-07-30T11:04:00+05:30,24304.0,24308.0,24299.2,24308.0,44
2026-07-30T11:05:00+05:30,24307.4,24309.0,24302.0,24302.0,42
2026-07-30T11:06:00+05:30,24300.0,24305.3,24296.0,24301.1,22
2026-07-30T11:07:00+05:30,24296.8,24301.1,24296.8,24296.8,16
2026-07-30T11:08:00+05:30,24301.1,24301.1,24295.3,24295.3,8
2026-07-30T11:09:00+05:30,24301.1,24301.1,24294.6,24301.0,26
2026-07-30T11:10:00+05:30,24298.0,24307.0,24298.0,24302.1,42
2026-07-30T11:11:00+05:30,24302.1,24315.0,24302.1,24312.6,47
2026-07-30T11:12:00+05:30,24312.6,24319.0,24312.6,24314.1,27
2026-07-30T11:13:00+05:30,24314.1,24316.1,24311.4,24316.1,7
2026-07-30T11:14:00+05:30,24311.4,24315.4,24310.1,24315.0,20
2026-07-30T11:15:00+05:30,24311.0,24316.0,24310.0,24315.0,18
2026-07-30T11:16:00+05:30,24315.0,24325.5,24310.6,24325.5,179
2026-07-30T11:17:00+05:30,24322.0,24328.0,24322.0,24326.0,60
2026-07-30T11:18:00+05:30,24322.5,24326.0,24322.0,24326.0,15
2026-07-30T11:19:00+05:30,24325.0,24327.5,24320.0,24320.1,35
2026-07-30T11:20:00+05:30,24322.0,24328.3,24320.1,24322.1,57
2026-07-30T11:21:00+05:30,24325.8,24325.8,24315.1,24323.1,24
2026-07-30T11:22:00+05:30,24322.8,24322.8,24315.0,24320.0,5
2026-07-30T11:23:00+05:30,24315.0,24316.8,24305.0,24305.0,43
2026-07-30T11:24:00+05:30,24309.9,24314.0,24309.9,24314.0,26
2026-07-30T11:25:00+05:30,24311.1,24315.0,24311.1,24314.9,26
2026-07-30T11:26:00+05:30,24316.2,24329.0,24316.2,24329.0,66
2026-07-30T11:27:00+05:30,24329.0,24329.9,24324.4,24324.4,79
2026-07-30T11:28:00+05:30,24324.4,24325.0,24321.1,24322.3,21
2026-07-30T11:29:00+05:30,24322.2,24326.1,24321.9,24326.1,38
2026-07-30T11:30:00+05:30,24327.0,24327.4,24320.6,24320.6,35
2026-07-30T11:31:00+05:30,24320.6,24325.0,24320.6,24325.0,33
2026-07-30T11:32:00+05:30,24324.7,24326.6,24323.0,24323.0,13
2026-07-30T11:33:00+05:30,24323.0,24329.0,24323.0,24328.2,31
2026-07-30T11:34:00+05:30,24328.2,24329.8,24325.8,24327.5,87
2026-07-30T11:35:00+05:30,24329.9,24330.0,24327.2,24327.2,123
2026-07-30T11:36:00+05:30,24327.0,24329.1,24325.0,24328.7,19
2026-07-30T11:37:00+05:30,24329.1,24330.0,24323.0,24325.1,37
2026-07-30T11:38:00+05:30,24327.6,24330.0,24323.5,24327.1,25
2026-07-30T11:39:00+05:30,24327.7,24328.4,24315.1,24315.1,48
2026-07-30T11:40:00+05:30,24319.9,24326.7,24316.1,24320.9,24
2026-07-30T11:41:00+05:30,24317.4,24322.6,24316.6,24319.7,30
2026-07-30T11:42:00+05:30,24317.5,24322.0,24317.3,24320.2,30
2026-07-30T11:43:00+05:30,24322.0,24322.0,24316.1,24320.0,22
2026-07-30T11:44:00+05:30,24316.7,24321.0,24311.0,24312.6,39
2026-07-30T11:45:00+05:30,24313.1,24316.8,24304.0,24306.4,65
2026-07-30T11:46:00+05:30,24305.1,24309.0,24301.0,24308.1,29
2026-07-30T11:47:00+05:30,24309.9,24310.0,24303.2,24310.0,56
2026-07-30T11:48:00+05:30,24303.7,24310.0,24303.7,24309.8,17
2026-07-30T11:49:00+05:30,24305.0,24310.0,24302.5,24310.0,35
2026-07-30T11:50:00+05:30,24305.0,24311.8,24301.5,24303.0,56
2026-07-30T11:51:00+05:30,24305.0,24310.1,24302.0,24302.4,414
2026-07-30T11:52:00+05:30,24302.4,24305.0,24300.0,24300.0,367
2026-07-30T11:53:00+05:30,24300.0,24304.1,24296.1,24296.1,624
2026-07-30T11:54:00+05:30,24295.0,24300.0,24294.8,24299.5,246
2026-07-30T11:55:00+05:30,24300.0,24313.9,24299.5,24301.3,1187
2026-07-30T11:56:00+05:30,24301.5,24305.0,24301.0,24304.0,239
2026-07-30T11:57:00+05:30,24305.0,24305.0,24298.5,24302.5,186
2026-07-30T11:58:00+05:30,24305.0,24305.0,24298.0,24300.4,114
2026-07-30T11:59:00+05:30,24300.4,24305.0,24299.0,24304.1,152
2026-07-30T12:00:00+05:30,24304.0,24309.6,24299.0,24299.0,143
2026-07-30T12:01:00+05:30,24299.0,24305.0,24298.8,24300.8,78
2026-07-30T12:02:00+05:30,24300.8,24305.0,24300.8,24305.0,10
2026-07-30T12:03:00+05:30,24305.0,24310.4,24301.5,24310.4,73
2026-07-30T12:04:00+05:30,24311.1,24312.0,24300.8,24303.0,69
2026-07-30T12:05:00+05:30,24302.5,24309.0,24301.0,24301.1,32
2026-07-30T12:06:00+05:30,24301.0,24301.0,24300.0,24300.8,42
2026-07-30T12:07:00+05:30,24300.0,24300.8,24299.2,24299.2,10
2026-07-30T12:08:00+05:30,24300.8,24315.0,24299.1,24306.0,164
2026-07-30T12:09:00+05:30,24305.7,24312.3,24299.1,24302.0,83
2026-07-30T12:10:00+05:30,24300.0,24310.0,24297.4,24298.8,72
2026-07-30T12:11:00+05:30,24300.0,24309.0,24295.6,24308.1,88
2026-07-30T12:12:00+05:30,24302.3,24314.6,24300.0,24301.5,85
2026-07-30T12:13:00+05:30,24314.5,24314.5,24300.7,24302.3,58
2026-07-30T12:14:00+05:30,24302.3,24308.0,24300.0,24302.3,35
2026-07-30T12:15:00+05:30,24300.8,24311.0,24298.5,24301.0,94
2026-07-30T12:16:00+05:30,24300.5,24312.4,24300.5,24301.5,90
2026-07-30T12:17:00+05:30,24304.7,24313.0,24300.0,24300.8,57
2026-07-30T12:18:00+05:30,24300.8,24302.0,24297.6,24300.8,74
2026-07-30T12:19:00+05:30,24300.8,24312.7,24300.8,24304.6,69
2026-07-30T12:20:00+05:30,24304.0,24315.0,24304.0,24315.0,68
2026-07-30T12:21:00+05:30,24305.5,24315.0,24304.0,24309.0,85
2026-07-30T12:22:00+05:30,24315.0,24317.4,24305.6,24306.0,91
2026-07-30T12:23:00+05:30,24306.5,24307.8,24303.0,24303.0,43
2026-07-30T12:24:00+05:30,24302.7,24310.0,24302.3,24305.0,65
2026-07-30T12:25:00+05:30,24305.0,24310.0,24303.0,24308.0,62
2026-07-30T12:26:00+05:30,24308.0,24315.0,24304.5,24305.0,53
2026-07-30T12:27:00+05:30,24303.6,24312.6,24301.0,24303.0,71
2026-07-30T12:28:00+05:30,24302.5,24305.5,24302.5,24304.0,38
2026-07-30T12:29:00+05:30,24303.0,24315.0,24303.0,24315.0,55
2026-07-30T12:30:00+05:30,24315.0,24320.0,24307.5,24315.0,57
2026-07-30T12:31:00+05:30,24320.0,24334.9,24316.0,24334.9,140
2026-07-30T12:32:00+05:30,24335.0,24365.0,24335.0,24360.0,1064
2026-07-30T12:33:00+05:30,24362.0,24396.0,24357.5,24395.0,1007
2026-07-30T12:34:00+05:30,24395.0,24397.0,24362.5,24365.1,531
2026-07-30T12:35:00+05:30,24365.1,24385.0,24365.1,24380.8,350
2026-07-30T12:36:00+05:30,24383.5,24389.0,24377.1,24379.0,190
2026-07-30T12:37:00+05:30,24379.0,24382.5,24360.8,24364.5,227
2026-07-30T12:38:00+05:30,24364.5,24372.0,24355.0,24360.0,196
2026-07-30T12:39:00+05:30,24358.5,24373.5,24355.0,24366.5,132
2026-07-30T12:40:00+05:30,24370.0,24375.0,24360.0,24360.0,100
2026-07-30T12:41:00+05:30,24361.0,24377.7,24360.0,24369.0,142
2026-07-30T12:42:00+05:30,24377.7,24385.0,24367.5,24384.2,167
2026-07-30T12:43:00+05:30,24383.9,24384.5,24370.3,24371.0,147
2026-07-30T12:44:00+05:30,24378.0,24380.0,24366.5,24372.0,104
2026-07-30T12:45:00+05:30,24380.0,24380.0,24364.7,24364.7,41
2026-07-30T12:46:00+05:30,24364.7,24376.7,24364.0,24365.2,90
2026-07-30T12:47:00+05:30,24365.0,24368.0,24356.2,24356.2,69
2026-07-30T12:48:00+05:30,24356.2,24364.0,24355.0,24364.0,63
2026-07-30T12:49:00+05:30,24359.1,24364.0,24355.6,24355.6,61
2026-07-30T12:50:00+05:30,24356.0,24365.1,24350.0,24350.0,124
2026-07-30T12:51:00+05:30,24350.5,24359.8,24347.0,24349.0,67
2026-07-30T12:52:00+05:30,24349.0,24359.0,24349.0,24349.0,43
2026-07-30T12:53:00+05:30,24352.0,24358.0,24346.0,24352.0,91
2026-07-30T12:54:00+05:30,24351.0,24365.0,24349.1,24360.0,87
2026-07-30T12:55:00+05:30,24361.0,24366.0,24350.1,24357.6,35
2026-07-30T12:56:00+05:30,24350.0,24360.1,24350.0,24353.5,32
2026-07-30T12:57:00+05:30,24352.5,24360.0,24352.5,24353.5,34
2026-07-30T12:58:00+05:30,24353.0,24365.0,24350.0,24363.6,35
2026-07-30T12:59:00+05:30,24354.0,24363.3,24351.0,24354.0,34
2026-07-30T13:00:00+05:30,24353.0,24359.5,24337.0,24340.0,149
2026-07-30T13:01:00+05:30,24340.0,24357.0,24338.5,24342.0,149
2026-07-30T13:02:00+05:30,24342.6,24350.0,24340.7,24345.0,81
2026-07-30T13:03:00+05:30,24350.0,24350.0,24344.0,24345.0,12
2026-07-30T13:04:00+05:30,24350.0,24350.0,24343.0,24343.0,30
2026-07-30T13:05:00+05:30,24340.0,24345.0,24337.0,24339.5,32
2026-07-30T13:06:00+05:30,24339.9,24348.0,24339.0,24340.0,51
2026-07-30T13:07:00+05:30,24339.4,24350.0,24339.3,24342.0,71
2026-07-30T13:08:00+05:30,24342.0,24350.0,24338.0,24341.5,105
2026-07-30T13:09:00+05:30,24341.5,24348.0,24338.5,24348.0,60
2026-07-30T13:10:00+05:30,24341.5,24346.0,24335.2,24344.0,33
2026-07-30T13:11:00+05:30,24344.0,24344.0,24326.0,24326.0,88
2026-07-30T13:12:00+05:30,24327.0,24331.0,24308.0,24308.0,249
2026-07-30T13:13:00+05:30,24312.0,24324.0,24305.8,24324.0,128
2026-07-30T13:14:00+05:30,24324.0,24331.9,24320.5,24322.0,55
2026-07-30T13:15:00+05:30,24321.0,24327.0,24318.0,24326.7,39
2026-07-30T13:16:00+05:30,24326.7,24327.5,24320.0,24326.5,13
2026-07-30T13:17:00+05:30,24323.8,24326.5,24320.1,24322.0,39
2026-07-30T13:18:00+05:30,24321.0,24325.0,24321.0,24322.0,67
2026-07-30T13:19:00+05:30,24322.0,24330.0,24320.1,24320.1,28
2026-07-30T13:20:00+05:30,24327.0,24327.0,24324.0,24325.0,27
2026-07-30T13:21:00+05:30,24327.7,24334.6,24322.0,24334.6,74
2026-07-30T13:22:00+05:30,24334.6,24335.0,24328.0,24331.0,39
2026-07-30T13:23:00+05:30,24331.7,24344.5,24331.0,24344.5,115
2026-07-30T13:24:00+05:30,24344.9,24349.0,24334.8,24337.1,60
2026-07-30T13:25:00+05:30,24337.0,24345.7,24335.0,24340.0,17
2026-07-30T13:26:00+05:30,24340.0,24345.0,24338.0,24345.0,35
2026-07-30T13:27:00+05:30,24340.0,24342.1,24336.0,24338.5,10
2026-07-30T13:28:00+05:30,24338.0,24340.5,24334.0,24334.0,27
2026-07-30T13:29:00+05:30,24339.9,24339.9,24326.0,24326.0,35
2026-07-30T13:30:00+05:30,24334.1,24335.9,24321.0,24335.0,45
2026-07-30T13:31:00+05:30,24329.0,24335.3,24325.0,24326.5,19
2026-07-30T13:32:00+05:30,24326.0,24340.0,24323.7,24340.0,93
2026-07-30T13:33:00+05:30,24339.8,24343.1,24331.3,24332.0,25
2026-07-30T13:34:00+05:30,24340.7,24343.6,24333.5,24343.6,14
2026-07-30T13:35:00+05:30,24343.9,24346.6,24334.1,24341.0,45
2026-07-30T13:36:00+05:30,24345.9,24349.9,24338.0,24347.4,31
2026-07-30T13:37:00+05:30,24348.0,24349.6,24342.5,24342.5,9
2026-07-30T13:38:00+05:30,24349.5,24362.6,24349.5,24353.0,105
2026-07-30T13:39:00+05:30,24358.2,24359.6,24350.0,24358.0,29
2026-07-30T13:40:00+05:30,24358.0,24361.0,24353.5,24356.0,48
2026-07-30T13:41:00+05:30,24360.0,24364.0,24355.5,24364.0,36
2026-07-30T13:42:00+05:30,24360.0,24367.1,24359.0,24365.0,56
2026-07-30T13:43:00+05:30,24360.0,24365.0,24355.1,24360.0,39
2026-07-30T13:44:00+05:30,24360.0,24361.1,24355.2,24355.2,25
2026-07-30T13:45:00+05:30,24355.2,24355.2,24350.0,24354.3,13
2026-07-30T13:46:00+05:30,24354.3,24354.9,24345.1,24347.5,15
2026-07-30T13:47:00+05:30,24347.5,24359.5,24347.5,24350.0,32
2026-07-30T13:48:00+05:30,24348.0,24356.6,24348.0,24350.1,12
2026-07-30T13:49:00+05:30,24350.1,24350.1,24347.0,24348.5,15
2026-07-30T13:50:00+05:30,24345.4,24345.4,24333.4,24340.0,87
2026-07-30T13:51:00+05:30,24338.0,24350.0,24335.0,24338.4,44
2026-07-30T13:52:00+05:30,24350.0,24353.4,24345.5,24350.0,17
2026-07-30T13:53:00+05:30,24346.0,24357.1,24345.5,24357.1,42
2026-07-30T13:54:00+05:30,24357.7,24359.9,24350.5,24358.7,16
2026-07-30T13:55:00+05:30,24359.0,24359.4,24347.4,24359.4,43
2026-07-30T13:56:00+05:30,24360.0,24364.1,24355.9,24355.9,36
2026-07-30T13:57:00+05:30,24355.9,24360.0,24348.6,24348.6,25
2026-07-30T13:58:00+05:30,24347.5,24353.5,24343.0,24343.0,38
2026-07-30T13:59:00+05:30,24345.0,24354.0,24343.6,24348.0,23
2026-07-30T14:00:00+05:30,24347.0,24355.6,24344.0,24355.0,58
2026-07-30T14:01:00+05:30,24349.5,24355.0,24341.0,24350.0,47
2026-07-30T14:02:00+05:30,24349.2,24352.9,24340.0,24345.5,32
2026-07-30T14:03:00+05:30,24346.0,24354.8,24345.5,24352.0,37
2026-07-30T14:04:00+05:30,24350.0,24354.0,24346.0,24346.0,57
2026-07-30T14:05:00+05:30,24345.0,24347.0,24340.0,24343.1,25
2026-07-30T14:06:00+05:30,24343.1,24344.0,24338.0,24344.0,17
2026-07-30T14:07:00+05:30,24339.0,24344.6,24338.0,24344.6,14
2026-07-30T14:08:00+05:30,24344.6,24345.0,24338.0,24338.0,11
2026-07-30T14:09:00+05:30,24340.0,24340.0,24335.0,24335.0,37
2026-07-30T14:10:00+05:30,24331.6,24340.1,24331.6,24333.0,39
2026-07-30T14:11:00+05:30,24333.0,24337.0,24330.0,24330.0,22
2026-07-30T14:12:00+05:30,24333.1,24333.1,24329.0,24329.0,36
2026-07-30T14:13:00+05:30,24329.9,24332.6,24327.0,24327.0,34
2026-07-30T14:14:00+05:30,24328.0,24330.7,24324.5,24325.0,53
2026-07-30T14:15:00+05:30,24326.0,24327.1,24321.0,24323.0,52
2026-07-30T14:16:00+05:30,24323.0,24324.2,24319.0,24319.0,108
2026-07-30T14:17:00+05:30,24319.0,24325.0,24316.0,24325.0,105
2026-07-30T14:18:00+05:30,24322.1,24322.9,24318.0,24320.0,33
2026-07-30T14:19:00+05:30,24320.0,24327.2,24320.0,24324.7,72
2026-07-30T14:20:00+05:30,24325.0,24325.0,24311.0,24311.0,62
2026-07-30T14:21:00+05:30,24310.1,24312.0,24302.0,24302.0,290
2026-07-30T14:22:00+05:30,24303.7,24307.4,24300.0,24301.5,250
2026-07-30T14:23:00+05:30,24302.8,24316.8,24301.2,24314.9,157
2026-07-30T14:24:00+05:30,24314.9,24316.2,24303.4,24303.4,71
2026-07-30T14:25:00+05:30,24307.2,24307.2,24300.0,24304.6,126
2026-07-30T14:26:00+05:30,24304.6,24308.8,24303.0,24306.0,50
2026-07-30T14:27:00+05:30,24304.0,24310.6,24304.0,24306.0,48
2026-07-30T14:28:00+05:30,24305.6,24311.1,24303.0,24311.1,69
2026-07-30T14:29:00+05:30,24310.0,24311.0,24301.1,24308.8,78
2026-07-30T14:30:00+05:30,24306.6,24308.0,24301.0,24301.2,67
2026-07-30T14:31:00+05:30,24300.3,24312.7,24300.0,24311.1,97
2026-07-30T14:32:00+05:30,24311.9,24315.0,24306.5,24312.0,67
2026-07-30T14:33:00+05:30,24317.0,24327.0,24312.0,24313.0,88
2026-07-30T14:34:00+05:30,24320.0,24325.0,24314.0,24316.0,51
2026-07-30T14:35:00+05:30,24315.0,24321.7,24305.3,24321.7,80
2026-07-30T14:36:00+05:30,24314.5,24325.0,24313.5,24321.1,45
2026-07-30T14:37:00+05:30,24319.9,24328.3,24319.9,24327.8,65
2026-07-30T14:38:00+05:30,24327.8,24329.9,24320.5,24327.0,37
2026-07-30T14:39:00+05:30,24328.0,24335.0,24328.0,24335.0,97
2026-07-30T14:40:00+05:30,24331.5,24335.0,24327.5,24330.0,29
2026-07-30T14:41:00+05:30,24328.5,24329.2,24320.1,24320.2,16
2026-07-30T14:42:00+05:30,24326.0,24326.3,24320.1,24326.0,28
2026-07-30T14:43:00+05:30,24326.0,24330.0,24323.0,24323.0,31
2026-07-30T14:44:00+05:30,24323.0,24340.0,24323.0,24333.5,64
2026-07-30T14:45:00+05:30,24335.1,24337.7,24324.0,24335.3,108
2026-07-30T14:46:00+05:30,24334.9,24342.5,24333.6,24342.5,44
2026-07-30T14:47:00+05:30,24341.1,24345.0,24338.0,24345.0,72
2026-07-30T14:48:00+05:30,24345.0,24349.5,24336.1,24349.5,82
2026-07-30T14:49:00+05:30,24349.5,24350.0,24346.0,24346.0,145
2026-07-30T14:50:00+05:30,24350.0,24350.5,24345.5,24350.5,37
2026-07-30T14:51:00+05:30,24350.5,24353.0,24346.0,24353.0,74
2026-07-30T14:52:00+05:30,24353.0,24354.5,24349.1,24350.5,113
2026-07-30T14:53:00+05:30,24350.0,24354.5,24346.0,24346.0,62
2026-07-30T14:54:00+05:30,24346.0,24350.0,24344.0,24346.0,83
2026-07-30T14:55:00+05:30,24344.5,24349.3,24340.0,24345.5,46
2026-07-30T14:56:00+05:30,24345.5,24350.0,24344.5,24350.0,42
2026-07-30T14:57:00+05:30,24350.0,24354.5,24347.0,24354.0,167
2026-07-30T14:58:00+05:30,24350.0,24354.1,24345.5,24347.0,52
2026-07-30T14:59:00+05:30,24352.0,24355.1,24349.0,24350.0,50
2026-07-30T15:00:00+05:30,24352.8,24355.0,24338.2,24338.2,92
2026-07-30T15:01:00+05:30,24336.3,24356.1,24336.0,24356.1,136
2026-07-30T15:02:00+05:30,24357.0,24360.0,24351.0,24352.0,165
2026-07-30T15:03:00+05:30,24352.0,24359.0,24351.0,24356.0,101
2026-07-30T15:04:00+05:30,24359.0,24360.0,24352.6,24359.0,115
2026-07-30T15:05:00+05:30,24358.5,24375.0,24358.0,24375.0,337
2026-07-30T15:06:00+05:30,24373.0,24375.0,24358.0,24360.6,206
2026-07-30T15:07:00+05:30,24360.0,24368.0,24354.0,24366.7,150
2026-07-30T15:08:00+05:30,24365.0,24368.0,24359.0,24360.2,273
2026-07-30T15:09:00+05:30,24360.2,24368.0,24360.0,24361.4,118
2026-07-30T15:10:00+05:30,24361.4,24368.0,24361.1,24361.7,148
2026-07-30T15:11:00+05:30,24361.9,24363.5,24355.0,24361.5,147
2026-07-30T15:12:00+05:30,24361.5,24365.0,24353.1,24362.0,131
2026-07-30T15:13:00+05:30,24361.4,24361.4,24352.0,24352.1,83
2026-07-30T15:14:00+05:30,24360.0,24360.6,24351.0,24351.0,107
2026-07-30T15:15:00+05:30,24351.0,24356.8,24339.0,24350.1,223
2026-07-30T15:16:00+05:30,24350.0,24355.0,24342.0,24348.2,99
2026-07-30T15:17:00+05:30,24348.4,24354.5,24346.2,24354.5,101
2026-07-30T15:18:00+05:30,24354.5,24354.5,24345.0,24346.8,85
2026-07-30T15:19:00+05:30,24349.5,24355.7,24345.0,24345.6,186
2026-07-30T15:20:00+05:30,24355.0,24358.0,24345.3,24350.9,326
2026-07-30T15:21:00+05:30,24352.3,24358.0,24351.3,24355.0,137
2026-07-30T15:22:00+05:30,24355.0,24359.0,24350.0,24358.5,159
2026-07-30T15:23:00+05:30,24358.2,24363.0,24358.2,24363.0,170
2026-07-30T15:24:00+05:30,24361.0,24364.0,24360.1,24362.0,137
2026-07-30T15:25:00+05:30,24362.0,24362.0,24359.1,24359.5,247
2026-07-30T15:26:00+05:30,24359.6,24362.0,24359.0,24359.7,498
2026-07-30T15:27:00+05:30,24359.7,24362.0,24354.5,24361.1,286
2026-07-30T15:28:00+05:30,24362.0,24364.0,24359.0,24363.8,250
2026-07-30T15:29:00+05:30,24363.8,24364.0,24355.0,24355.0,307
